{"actions":[],"apps":[{"acl":{"app":[],"field":[],"record":[]},"app":null,"category":{"categories":[],"useCategory":"false"},"form":{"layout":"[{\"id\":null,\"type\":\"ROW\",\"isSubTable\":false,\"var\":null,\"label\":null,\"controlList\":[{\"isVirtical\":true,\"styleMap\":{\"width\":193},\"type\":\"SINGLE_LINE_TEXT\",\"var\":\"topic\",\"label\":\"Meeting name\"}]},{\"id\":null,\"type\":\"ROW\",\"isSubTable\":false,\"var\":null,\"label\":null,\"controlList\":[{\"isVirtical\":true,\"styleMap\":{\"width\":196},\"type\":\"DATETIME\",\"var\":\"start_time\",\"label\":\"Start time\"}]},{\"id\":null,\"type\":\"ROW\",\"isSubTable\":false,\"var\":null,\"label\":null,\"controlList\":[{\"isVirtical\":true,\"styleMap\":{\"width\":193},\"type\":\"DECIMAL\",\"var\":\"duration\",\"label\":\"Meeting Duration\"}]},{\"id\":null,\"type\":\"ROW\",\"isSubTable\":false,\"var\":null,\"label\":null,\"controlList\":[{\"isVirtical\":true,\"styleMap\":{\"width\":344},\"type\":\"USER_SELECT\",\"var\":\"Attendees\",\"label\":\"Participants\"}]},{\"id\":null,\"type\":\"ROW\",\"isSubTable\":false,\"var\":null,\"label\":null,\"controlList\":[{\"isVirtical\":true,\"styleMap\":{\"width\":344},\"type\":\"USER_SELECT\",\"var\":\"realAttends\",\"label\":\"Attendees\"}]},{\"id\":null,\"type\":\"ROW\",\"isSubTable\":false,\"var\":null,\"label\":null,\"controlList\":[{\"isVirtical\":true,\"styleMap\":{\"width\":344},\"type\":\"USER_SELECT\",\"var\":\"host\",\"label\":\"Host\"}]},{\"id\":null,\"type\":\"ROW\",\"isSubTable\":false,\"var\":null,\"label\":null,\"controlList\":[{\"isVirtical\":true,\"styleMap\":{},\"canvasData\":[{\"id\":null,\"type\":\"ROW\",\"isSubTable\":false,\"var\":null,\"label\":null,\"controlList\":[{\"isVirtical\":true,\"styleMap\":{\"width\":193},\"type\":\"SINGLE_LINE_TEXT\",\"var\":\"meetingNumber\",\"label\":\"Meeting number\"},{\"isVirtical\":true,\"styleMap\":{\"width\":193},\"type\":\"SINGLE_LINE_TEXT\",\"var\":\"password\",\"label\":\"Meeting password\"}]},{\"id\":null,\"type\":\"ROW\",\"isSubTable\":false,\"var\":null,\"label\":null,\"controlList\":[{\"isVirtical\":true,\"styleMap\":{\"width\":193},\"type\":\"LINK\",\"var\":\"join_url\",\"label\":\"Meeting link\"},{\"isVirtical\":true,\"styleMap\":{},\"type\":\"REFERENCE_TABLE\",\"var\":\"relatedZoomClient\",\"label\":\"relatedZoom\"}]}],\"type\":\"GROUP\",\"var\":\"ZoomInfo\",\"label\":\"ZoomInfo\"}]},{\"id\":null,\"type\":\"ROW\",\"isSubTable\":false,\"var\":null,\"label\":null,\"controlList\":[{\"styleMap\":{\"width\":117,\"height\":66},\"elementId\":\"join\",\"type\":\"SPACER\"}]},{\"id\":null,\"type\":\"ROW\",\"isSubTable\":false,\"var\":null,\"label\":null,\"controlList\":[{\"styleMap\":{\"width\":1407,\"height\":66},\"elementId\":\"zoom\",\"type\":\"SPACER\"}]}]","revision":null},"iconMeta":null,"info":{"automaticallyChooseTitleComponent":"true","code":null,"decimalPrecision":"16","decimalScale":"4","description":"\u003Cdiv\u003E\u003Cbr /\u003E\u003C/div\u003E","enableBulkDeletion":"false","enableRecordReuse":"true","fiscalYearStartMonth":"4","iconKey":"APP51","iconType":"PRESET","jsFiles":null,"jsScope":"ALL","name":"Calendar","roundingMode":"HALF_EVEN","theme":"PLAIN","titleComponentLocalId":null,"useComment":"true","useHistory":"true","useThumbnail":"true"},"jsFiles":[],"notification":{"appNotifications":[{"events":["RECORD_COMMENT_ADDED"],"target":{"entityId":"5681161","entityType":"FIELD_ENTITY","includeSubs":"false"}},{"events":["RECORD_COMMENT_ADDED"],"target":{"entityId":"5681162","entityType":"FIELD_ENTITY","includeSubs":"false"}}],"recordNotifications":[],"reminderTimezone":null,"reminders":[],"useComment":"true","useReminder":"false"},"plugin":{"pluginIds":["akcglechfpfeabolaeekcgohdhcnnpoo"]},"reports":[],"resource":{"tables":[{"rows":[{"fields":[{"language":"zh","value":""},{"language":"en","value":""},{"language":"ja","value":""}],"objectId":"0","subObjectId":"-1"}],"type":"AppName"},{"rows":[{"fields":[{"language":"zh","value":""},{"language":"en","value":""},{"language":"ja","value":""}],"objectId":"0","subObjectId":"-1"}],"type":"AppDescription"},{"rows":[{"fields":[{"language":"zh","value":""},{"language":"en","value":"recordId"},{"language":"ja","value":"recordId"}],"objectId":"5681160","subObjectId":"-1"},{"fields":[{"language":"zh","value":""},{"language":"en","value":"Updated by"},{"language":"ja","value":"更新者"}],"objectId":"5681161","subObjectId":"-1"},{"fields":[{"language":"zh","value":""},{"language":"en","value":"Created by"},{"language":"ja","value":"作成者"}],"objectId":"5681162","subObjectId":"-1"},{"fields":[{"language":"zh","value":""},{"language":"en","value":"Updated datetime"},{"language":"ja","value":"更新日時"}],"objectId":"5681163","subObjectId":"-1"},{"fields":[{"language":"zh","value":""},{"language":"en","value":"Created datetime"},{"language":"ja","value":"作成日時"}],"objectId":"5681164","subObjectId":"-1"},{"fields":[{"language":"zh","value":""},{"language":"en","value":"Status"},{"language":"ja","value":"ステータス"}],"objectId":"5681165","subObjectId":"-1"},{"fields":[{"language":"zh","value":""},{"language":"en","value":"Assignee"},{"language":"ja","value":"作業者"}],"objectId":"5681166","subObjectId":"-1"},{"fields":[{"language":"zh","value":""},{"language":"en","value":"Categories"},{"language":"ja","value":"カテゴリー"}],"objectId":"5681167","subObjectId":"-1"},{"fields":[{"language":"zh","value":""},{"language":"en","value":"Meeting number"},{"language":"ja","value":"会議番号"}],"objectId":"5681171","subObjectId":"-1"},{"fields":[{"language":"zh","value":""},{"language":"en","value":"Meeting name"},{"language":"ja","value":"会議名"}],"objectId":"5681231","subObjectId":"-1"},{"fields":[{"language":"zh","value":""},{"language":"en","value":"Start time"},{"language":"ja","value":"開始時間"}],"objectId":"5681232","subObjectId":"-1"},{"fields":[{"language":"zh","value":""},{"language":"en","value":"Participants"},{"language":"ja","value":"参加者"}],"objectId":"5681233","subObjectId":"-1"},{"fields":[{"language":"zh","value":""},{"language":"en","value":"Meeting password"},{"language":"ja","value":"会議パスワード"}],"objectId":"5681251","subObjectId":"-1"},{"fields":[{"language":"zh","value":""},{"language":"en","value":"Host"},{"language":"ja","value":"ホスト"}],"objectId":"5681260","subObjectId":"-1"},{"fields":[{"language":"zh","value":""},{"language":"en","value":"Meeting link"},{"language":"ja","value":"会議リンク"}],"objectId":"5681285","subObjectId":"-1"},{"fields":[{"language":"zh","value":""},{"language":"en","value":"relatedZoom"},{"language":"ja","value":"relatedZoom"}],"objectId":"5681293","subObjectId":"-1"},{"fields":[{"language":"zh","value":""},{"language":"en","value":"Meeting duration"},{"language":"ja","value":"会議時間"}],"objectId":"5681295","subObjectId":"-1"},{"fields":[{"language":"zh","value":""},{"language":"en","value":"Attendees"},{"language":"ja","value":"出席者"}],"objectId":"5681316","subObjectId":"-1"}],"type":"FieldLabel"},{"rows":[{"fields":[{"language":"zh","value":""},{"language":"en","value":""},{"language":"ja","value":""}],"objectId":"20","subObjectId":"-1"},{"fields":[{"language":"zh","value":""},{"language":"en","value":""},{"language":"ja","value":""}],"objectId":"5681235","subObjectId":"-1"}],"type":"ViewName"}]},"schema":{"groups":[{"childLocalId":"5681171","vtComponentLocalId":"5681286"},{"childLocalId":"5681251","vtComponentLocalId":"5681286"},{"childLocalId":"5681285","vtComponentLocalId":"5681286"},{"childLocalId":"5681293","vtComponentLocalId":"5681286"}],"revision":null,"subTable":{},"table":{"fieldList":{"5681160":{"id":"5681160","label":"recordId","properties":{"noLabel":"false","required":"true"},"type":"RECORD_ID","var":"recordId"},"5681161":{"id":"5681161","label":"更新人","properties":{"noLabel":"false","required":"true"},"type":"MODIFIER","var":"更新人"},"5681162":{"id":"5681162","label":"创建人","properties":{"noLabel":"false","required":"true"},"type":"CREATOR","var":"创建人"},"5681163":{"id":"5681163","label":"更新时间","properties":{"noLabel":"false","required":"true"},"type":"MODIFIED_AT","var":"更新时间"},"5681164":{"id":"5681164","label":"创建时间","properties":{"noLabel":"false","required":"true"},"type":"CREATED_AT","var":"创建时间"},"5681165":{"id":"5681165","label":"状态","properties":{"noLabel":"false","required":"false"},"type":"STATUS","var":"状态"},"5681166":{"id":"5681166","label":"执行者","properties":{"noLabel":"false","required":"false"},"type":"STATUS_ASSIGNEE","var":"执行者"},"5681167":{"id":"5681167","label":"类别","properties":{"noLabel":"false","required":"false"},"type":"CATEGORY","var":"类别"},"5681171":{"id":"5681171","label":"Meeting number","properties":{"defaultValue":"","expression":"","hideExpression":"false","max":null,"min":null,"noLabel":"false","required":"false","unique":"false"},"type":"SINGLE_LINE_TEXT","var":"meetingNumber"},"5681231":{"id":"5681231","label":"Meeting name","properties":{"defaultValue":"","expression":"","hideExpression":"false","max":null,"min":null,"noLabel":"false","required":"false","unique":"false"},"type":"SINGLE_LINE_TEXT","var":"topic"},"5681232":{"id":"5681232","label":"Start time","properties":{"defaultExpression":"NOW","defaultValue":null,"noLabel":"false","required":"false","unique":"false"},"type":"DATETIME","var":"start_time"},"5681233":{"id":"5681233","label":"Participants","properties":{"defaultEntities":[],"defaultSelect":[],"entities":[],"noLabel":"false","required":"false","select":[]},"type":"USER_SELECT","var":"Attendees"},"5681251":{"id":"5681251","label":"Meeting password","properties":{"defaultValue":"","expression":"","hideExpression":"false","max":null,"min":null,"noLabel":"false","required":"false","unique":"false"},"type":"SINGLE_LINE_TEXT","var":"password"},"5681260":{"id":"5681260","label":"Host","properties":{"defaultEntities":[],"defaultSelect":[],"entities":[],"noLabel":"false","required":"false","select":[]},"type":"USER_SELECT","var":"host"},"5681285":{"id":"5681285","label":"Meeting link","properties":{"defaultValue":"","max":null,"min":null,"noLabel":"false","protocol":"WEB","required":"false","unique":"false"},"type":"LINK","var":"join_url"},"5681286":{"id":"5681286","label":"ZoomInfo","properties":{"noLabel":"false","open":"false","required":"false"},"type":"GROUP","var":"ZoomInfo"},"5681293":{"id":"5681293","label":"relatedZoom","properties":{"noLabel":"false","required":"false"},"type":"REFERENCE_TABLE","var":"relatedZoomClient"},"5681295":{"id":"5681295","label":"Meeting Duration","properties":{"defaultValue":null,"digit":"false","displayScale":null,"max":null,"min":null,"noLabel":"false","required":"false","roundingMode":null,"scale":null,"unique":"false","unit":"minutes","unitPosition":"AFTER"},"type":"DECIMAL","var":"duration"},"5681316":{"id":"5681316","label":"Attendees","properties":{"defaultEntities":[],"defaultSelect":[],"entities":[],"noLabel":"false","required":"false","select":[]},"type":"USER_SELECT","var":"realAttends"}},"id":"1","label":"__ROOT__","properties":{"noLabel":"true"},"type":"TABLE","var":"__ROOT__"}},"status":{"actions":[],"filters":[],"initialStateId":null,"states":[],"useStatus":"false"},"uuid":"6d5960d5-707b-47f9-a088-aadab85d859f","views":[{"advancedMode":"false","builtinType":null,"device":null,"fields":[{"row":[{"columnWidth":null,"id":"5681232"},{"columnWidth":null,"id":"5681231"}]}],"filter":{"category":null,"offset":null,"order":["DESC"],"q":null,"size":null,"sort":["f5681160"]},"html":null,"keyFieldId":"5681232","name":"列表1","pager":null,"revision":null,"titleFieldId":"5681231","view":"5681235","viewType":"CALENDAR"},{"advancedMode":null,"builtinType":"ALL","device":null,"fields":[{"row":[{"columnWidth":null,"id":"5681160"},{"columnWidth":null,"id":"5681171"},{"columnWidth":null,"id":"5681231"},{"columnWidth":null,"id":"5681232"},{"columnWidth":null,"id":"5681233"},{"columnWidth":null,"id":"5681251"},{"columnWidth":null,"id":"5681260"},{"columnWidth":null,"id":"5681285"},{"columnWidth":null,"id":"5681295"},{"columnWidth":null,"id":"5681316"}]}],"filter":{"category":null,"offset":null,"order":[],"q":null,"size":null,"sort":[]},"html":null,"keyFieldId":null,"name":"（全部）","pager":null,"revision":null,"titleFieldId":null,"view":"20","viewType":"LIST"}]},{"acl":{"app":[],"field":[],"record":[]},"app":null,"category":{"categories":[],"useCategory":"false"},"form":{"layout":"[{\"id\":null,\"type\":\"ROW\",\"isSubTable\":false,\"var\":null,\"label\":null,\"controlList\":[{\"isVirtical\":true,\"styleMap\":{\"width\":193},\"type\":\"DECIMAL\",\"var\":\"calendarId\",\"label\":\"calendarId\"}]}]","revision":null},"iconMeta":{"internalName":null,"mime":"image/png","name":"{9B6AD973-3081-42EC-825B-F6C270FA84D3}.png"},"info":{"automaticallyChooseTitleComponent":"true","code":null,"decimalPrecision":"16","decimalScale":"4","description":"\u003Cdiv\u003E\u003Cbr /\u003E\u003C/div\u003E","enableBulkDeletion":"false","enableRecordReuse":"true","fiscalYearStartMonth":"4","iconKey":"11277","iconType":"BLOB","jsFiles":null,"jsScope":"ALL","name":"ZoomClient","roundingMode":"HALF_EVEN","theme":"PLAIN","titleComponentLocalId":null,"useComment":"true","useHistory":"true","useThumbnail":"true"},"jsFiles":[],"notification":{"appNotifications":[{"events":["RECORD_COMMENT_ADDED"],"target":{"entityId":"5681209","entityType":"FIELD_ENTITY","includeSubs":"false"}},{"events":["RECORD_COMMENT_ADDED"],"target":{"entityId":"5681210","entityType":"FIELD_ENTITY","includeSubs":"false"}}],"recordNotifications":[],"reminderTimezone":null,"reminders":[],"useComment":"true","useReminder":"false"},"plugin":{"pluginIds":["omoibbgdjadcjolfkcjcpdpbllbdoflc"]},"reports":[],"resource":{"tables":[{"rows":[{"fields":[{"language":"zh","value":""},{"language":"en","value":""},{"language":"ja","value":""}],"objectId":"0","subObjectId":"-1"}],"type":"AppName"},{"rows":[{"fields":[{"language":"zh","value":""},{"language":"en","value":""},{"language":"ja","value":""}],"objectId":"0","subObjectId":"-1"}],"type":"AppDescription"},{"rows":[{"fields":[{"language":"zh","value":""},{"language":"en","value":"CalendarId"},{"language":"ja","value":"CalendarId"}],"objectId":"5681208","subObjectId":"-1"},{"fields":[{"language":"zh","value":""},{"language":"en","value":"Updated by"},{"language":"ja","value":"更新者"}],"objectId":"5681209","subObjectId":"-1"},{"fields":[{"language":"zh","value":""},{"language":"en","value":"Created by"},{"language":"ja","value":"作成者"}],"objectId":"5681210","subObjectId":"-1"},{"fields":[{"language":"zh","value":""},{"language":"en","value":"Updated datetime"},{"language":"ja","value":"更新日時"}],"objectId":"5681211","subObjectId":"-1"},{"fields":[{"language":"zh","value":""},{"language":"en","value":"Created datetime"},{"language":"ja","value":"作成日時"}],"objectId":"5681212","subObjectId":"-1"},{"fields":[{"language":"zh","value":""},{"language":"en","value":"Status"},{"language":"ja","value":"ステータス"}],"objectId":"5681213","subObjectId":"-1"},{"fields":[{"language":"zh","value":""},{"language":"en","value":"Assignee"},{"language":"ja","value":"作業者"}],"objectId":"5681214","subObjectId":"-1"},{"fields":[{"language":"zh","value":""},{"language":"en","value":"Categories"},{"language":"ja","value":"カテゴリー"}],"objectId":"5681215","subObjectId":"-1"},{"fields":[{"language":"zh","value":""},{"language":"en","value":"calendarId"},{"language":"ja","value":"calendarId"}],"objectId":"5681292","subObjectId":"-1"}],"type":"FieldLabel"},{"rows":[{"fields":[{"language":"zh","value":""},{"language":"en","value":""},{"language":"ja","value":""}],"objectId":"20","subObjectId":"-1"}],"type":"ViewName"}]},"schema":{"groups":[],"revision":null,"subTable":{},"table":{"fieldList":{"5681208":{"id":"5681208","label":"CalendarId","properties":{"noLabel":"false","required":"true"},"type":"RECORD_ID","var":"CalendarId"},"5681209":{"id":"5681209","label":"更新人","properties":{"noLabel":"false","required":"true"},"type":"MODIFIER","var":"更新人"},"5681210":{"id":"5681210","label":"创建人","properties":{"noLabel":"false","required":"true"},"type":"CREATOR","var":"创建人"},"5681211":{"id":"5681211","label":"更新时间","properties":{"noLabel":"false","required":"true"},"type":"MODIFIED_AT","var":"更新时间"},"5681212":{"id":"5681212","label":"创建时间","properties":{"noLabel":"false","required":"true"},"type":"CREATED_AT","var":"创建时间"},"5681213":{"id":"5681213","label":"状态","properties":{"noLabel":"false","required":"false"},"type":"STATUS","var":"状态"},"5681214":{"id":"5681214","label":"执行者","properties":{"noLabel":"false","required":"false"},"type":"STATUS_ASSIGNEE","var":"执行者"},"5681215":{"id":"5681215","label":"类别","properties":{"noLabel":"false","required":"false"},"type":"CATEGORY","var":"类别"},"5681292":{"id":"5681292","label":"calendarId","properties":{"defaultValue":null,"digit":"false","displayScale":null,"max":null,"min":null,"noLabel":"false","required":"false","roundingMode":null,"scale":null,"unique":"false","unit":"","unitPosition":"BEFORE"},"type":"DECIMAL","var":"calendarId"}},"id":"1","label":"__ROOT__","properties":{"noLabel":"true"},"type":"TABLE","var":"__ROOT__"}},"status":{"actions":[],"filters":[],"initialStateId":null,"states":[],"useStatus":"false"},"uuid":"b7308c6c-52f0-4aa5-936e-2c67fa8f24d5","views":[{"advancedMode":null,"builtinType":"ALL","device":null,"fields":[{"row":[{"columnWidth":null,"id":"5681208"},{"columnWidth":null,"id":"5681292"}]}],"filter":{"category":null,"offset":null,"order":[],"q":null,"size":null,"sort":[]},"html":null,"keyFieldId":null,"name":"（全部）","pager":null,"revision":null,"titleFieldId":null,"view":"20","viewType":"LIST"}]}],"description":"","iconKey":"APP51","iconMeta":null,"iconSrcAppId":"6d5960d5-707b-47f9-a088-aadab85d859f","iconType":"PRESET","imagesMeta":[],"lookups":[],"name":"zoom web client","references":[{"actingAppId":"6d5960d5-707b-47f9-a088-aadab85d859f","filterInputFieldId":"5681160","filterMasterFieldId":"5681292","masterFieldIds":["5681292"],"query":{"category":null,"offset":null,"order":["desc"],"q":"order by f5681208 desc","size":null,"sort":["f5681208"]},"size":"5","targetAppId":"b7308c6c-52f0-4aa5-936e-2c67fa8f24d5","vtComponentLocalId":"5681293"}],"version":"33"}